video_path,feature_path
../S3D_HowTo100M/videos/1QiB9EOJnwc.mp4,output/1QiB9EOJnwc.npy
../S3D_HowTo100M/videos/-9qOWgZGqqQ.mp4,output/-9qOWgZGqqQ.npy
../S3D_HowTo100M/videos/1Z4-KdoXpAw.mp4,output/1Z4-KdoXpAw.npy
../S3D_HowTo100M/videos/1MyqIWrA934.mp4,output/1MyqIWrA934.npy
../S3D_HowTo100M/videos/0_gdYFgfGrc.mp4,output/0_gdYFgfGrc.npy
../S3D_HowTo100M/videos/0uMjiAZaMTo.mp4,output/0uMjiAZaMTo.npy
../S3D_HowTo100M/videos/1rJFyCodQSE.mp4,output/1rJFyCodQSE.npy
../S3D_HowTo100M/videos/1I4r6ePlDls.mp4,output/1I4r6ePlDls.npy
../S3D_HowTo100M/videos/-1sdd7K2TIs.mp4,output/-1sdd7K2TIs.npy
../S3D_HowTo100M/videos/0tyE4gfkRaI.mp4,output/0tyE4gfkRaI.npy
../S3D_HowTo100M/videos/1qhF0YHAWxw.mp4,output/1qhF0YHAWxw.npy
../S3D_HowTo100M/videos/0vmlnFo2sRQ.mp4,output/0vmlnFo2sRQ.npy
../S3D_HowTo100M/videos/0lbnrpF4S_M.mp4,output/0lbnrpF4S_M.npy
../S3D_HowTo100M/videos/0-kIWFQkXUg.mp4,output/0-kIWFQkXUg.npy
../S3D_HowTo100M/videos/_4ALjdnTL90.mp4,output/_4ALjdnTL90.npy
../S3D_HowTo100M/videos/0JcQ6MaTvEw.mp4,output/0JcQ6MaTvEw.npy
../S3D_HowTo100M/videos/-0zlvCKgHJE.mp4,output/-0zlvCKgHJE.npy
../S3D_HowTo100M/videos/1OfogT-UQgI.mp4,output/1OfogT-UQgI.npy
../S3D_HowTo100M/videos/0UouFMfPt9g.mp4,output/0UouFMfPt9g.npy
../S3D_HowTo100M/videos/0T-emuxNePw.mp4,output/0T-emuxNePw.npy
../S3D_HowTo100M/videos/0zsLjDluiBU.mp4,output/0zsLjDluiBU.npy
../S3D_HowTo100M/videos/_4oQnutpWrY.mp4,output/_4oQnutpWrY.npy
../S3D_HowTo100M/videos/1rJmmPJFx38.mp4,output/1rJmmPJFx38.npy
../S3D_HowTo100M/videos/0xkZENmBYi4.mp4,output/0xkZENmBYi4.npy
../S3D_HowTo100M/videos/1x60GHr_Q6I.mp4,output/1x60GHr_Q6I.npy
../S3D_HowTo100M/videos/1PhBaH28qOI.mp4,output/1PhBaH28qOI.npy
../S3D_HowTo100M/videos/-8V85YZ0ow0.mp4,output/-8V85YZ0ow0.npy
../S3D_HowTo100M/videos/1-8VCb3SAcw.mp4,output/1-8VCb3SAcw.npy
../S3D_HowTo100M/videos/0QzunZdk9WE.mp4,output/0QzunZdk9WE.npy
../S3D_HowTo100M/videos/0PJks8V-spw.mp4,output/0PJks8V-spw.npy
../S3D_HowTo100M/videos/-4UMwc82DKg.mp4,output/-4UMwc82DKg.npy
../S3D_HowTo100M/videos/1oDpmmsqHwQ.mp4,output/1oDpmmsqHwQ.npy
../S3D_HowTo100M/videos/0vhfSPFgTMc.mp4,output/0vhfSPFgTMc.npy
../S3D_HowTo100M/videos/1FAchoPI_hE.mp4,output/1FAchoPI_hE.npy
../S3D_HowTo100M/videos/_2foT2AI6j0.mp4,output/_2foT2AI6j0.npy
../S3D_HowTo100M/videos/0kBSaXZbiSQ.mp4,output/0kBSaXZbiSQ.npy
../S3D_HowTo100M/videos/1lS8cKmaXqw.mp4,output/1lS8cKmaXqw.npy
../S3D_HowTo100M/videos/_-6UIbv__Jk.mp4,output/_-6UIbv__Jk.npy
../S3D_HowTo100M/videos/0AhTHuKW6MY.mp4,output/0AhTHuKW6MY.npy
../S3D_HowTo100M/videos/0QTUgt40njw.mp4,output/0QTUgt40njw.npy
../S3D_HowTo100M/videos/1HZ0-3VtVwo.mp4,output/1HZ0-3VtVwo.npy
../S3D_HowTo100M/videos/1VTFLkJYwj4.mp4,output/1VTFLkJYwj4.npy
../S3D_HowTo100M/videos/1lEfnPJAbeM.mp4,output/1lEfnPJAbeM.npy
../S3D_HowTo100M/videos/-2WYkkBgxPI.mp4,output/-2WYkkBgxPI.npy
../S3D_HowTo100M/videos/2aQINLkXH0E.mp4,output/2aQINLkXH0E.npy
../S3D_HowTo100M/videos/-6U7XKG1Dps.mp4,output/-6U7XKG1Dps.npy
../S3D_HowTo100M/videos/1kwLB7vTb4Y.mp4,output/1kwLB7vTb4Y.npy
../S3D_HowTo100M/videos/-4Cf5f6VIls.mp4,output/-4Cf5f6VIls.npy
../S3D_HowTo100M/videos/-6i2-TxVKYg.mp4,output/-6i2-TxVKYg.npy
../S3D_HowTo100M/videos/1G7_8TsFLv8.mp4,output/1G7_8TsFLv8.npy
../S3D_HowTo100M/videos/1L2oJOycn6s.mp4,output/1L2oJOycn6s.npy
../S3D_HowTo100M/videos/1cVTSIQql5E.mp4,output/1cVTSIQql5E.npy
../S3D_HowTo100M/videos/1Pp34gv8lKM.mp4,output/1Pp34gv8lKM.npy
../S3D_HowTo100M/videos/0AOH3WqiE1U.mp4,output/0AOH3WqiE1U.npy
../S3D_HowTo100M/videos/1cHjvtp1vc4.mp4,output/1cHjvtp1vc4.npy
../S3D_HowTo100M/videos/1U1egfuSv3w.mp4,output/1U1egfuSv3w.npy
../S3D_HowTo100M/videos/1VJCVE8_sjA.mp4,output/1VJCVE8_sjA.npy
../S3D_HowTo100M/videos/1PlU7NEoA1o.mp4,output/1PlU7NEoA1o.npy
../S3D_HowTo100M/videos/1awO-x0NymI.mp4,output/1awO-x0NymI.npy
../S3D_HowTo100M/videos/01paDemDYrU.mp4,output/01paDemDYrU.npy
../S3D_HowTo100M/videos/1D3NMkluQzo.mp4,output/1D3NMkluQzo.npy
../S3D_HowTo100M/videos/1wtqtcB3n94.mp4,output/1wtqtcB3n94.npy
../S3D_HowTo100M/videos/0DfJ_Ws9pgg.mp4,output/0DfJ_Ws9pgg.npy
../S3D_HowTo100M/videos/1WSfu3KdVBc.mp4,output/1WSfu3KdVBc.npy
../S3D_HowTo100M/videos/-4F35P_X0TE.mp4,output/-4F35P_X0TE.npy
../S3D_HowTo100M/videos/0a_Si_cHN04.mp4,output/0a_Si_cHN04.npy
../S3D_HowTo100M/videos/_81mMuX2OpI.mp4,output/_81mMuX2OpI.npy
../S3D_HowTo100M/videos/0OWpsLw6AcY.mp4,output/0OWpsLw6AcY.npy
../S3D_HowTo100M/videos/1mzslo208-8.mp4,output/1mzslo208-8.npy
../S3D_HowTo100M/videos/1FqLL7vHzRw.mp4,output/1FqLL7vHzRw.npy
../S3D_HowTo100M/videos/0aTfg_Opds8.mp4,output/0aTfg_Opds8.npy
../S3D_HowTo100M/videos/1zFUB6AW7KA.mp4,output/1zFUB6AW7KA.npy
../S3D_HowTo100M/videos/1zkvBTOi38I.mp4,output/1zkvBTOi38I.npy
../S3D_HowTo100M/videos/1sOUeJR8wo4.mp4,output/1sOUeJR8wo4.npy
../S3D_HowTo100M/videos/1rKNYnj2fyU.mp4,output/1rKNYnj2fyU.npy
../S3D_HowTo100M/videos/0ZIte7l3qXg.mp4,output/0ZIte7l3qXg.npy
../S3D_HowTo100M/videos/0RRZh-so_OU.mp4,output/0RRZh-so_OU.npy
../S3D_HowTo100M/videos/0xW5SvaZ8bY.mp4,output/0xW5SvaZ8bY.npy
../S3D_HowTo100M/videos/0a-hXBNVKBk.mp4,output/0a-hXBNVKBk.npy
../S3D_HowTo100M/videos/1YVDhSpcXz0.mp4,output/1YVDhSpcXz0.npy
../S3D_HowTo100M/videos/_85lB643dJE.mp4,output/_85lB643dJE.npy
../S3D_HowTo100M/videos/-5rh4rcGQU4.mp4,output/-5rh4rcGQU4.npy
../S3D_HowTo100M/videos/0TwAJ3ubUXo.mp4,output/0TwAJ3ubUXo.npy
../S3D_HowTo100M/videos/1Nqg8_tctxM.mp4,output/1Nqg8_tctxM.npy
../S3D_HowTo100M/videos/0_1VPp-8aNM.mp4,output/0_1VPp-8aNM.npy
../S3D_HowTo100M/videos/0hqZpYcwgaI.mp4,output/0hqZpYcwgaI.npy
../S3D_HowTo100M/videos/1ROLMDvvd5c.mp4,output/1ROLMDvvd5c.npy
../S3D_HowTo100M/videos/0zcf7mOqsWM.mp4,output/0zcf7mOqsWM.npy
../S3D_HowTo100M/videos/0yDnBNW0ER0.mp4,output/0yDnBNW0ER0.npy
../S3D_HowTo100M/videos/1pwaNpKIHNE.mp4,output/1pwaNpKIHNE.npy
../S3D_HowTo100M/videos/1nTrpoR8RCQ.mp4,output/1nTrpoR8RCQ.npy
../S3D_HowTo100M/videos/0CVHZRCx8xY.mp4,output/0CVHZRCx8xY.npy
../S3D_HowTo100M/videos/0mSm1m-deO8.mp4,output/0mSm1m-deO8.npy
../S3D_HowTo100M/videos/0dU9tMuL-eU.mp4,output/0dU9tMuL-eU.npy
../S3D_HowTo100M/videos/1xtCLemt9pw.mp4,output/1xtCLemt9pw.npy
../S3D_HowTo100M/videos/1rkVCJjEpRQ.mp4,output/1rkVCJjEpRQ.npy
../S3D_HowTo100M/videos/1qHGCxTOYYk.mp4,output/1qHGCxTOYYk.npy
../S3D_HowTo100M/videos/1PVon-hevWM.mp4,output/1PVon-hevWM.npy
../S3D_HowTo100M/videos/0H7VqD8enXs.mp4,output/0H7VqD8enXs.npy
../S3D_HowTo100M/videos/-4vCMO2k_wM.mp4,output/-4vCMO2k_wM.npy
../S3D_HowTo100M/videos/0FH2xe-3Erw.mp4,output/0FH2xe-3Erw.npy
../S3D_HowTo100M/videos/1DR9A9DKHBw.mp4,output/1DR9A9DKHBw.npy
../S3D_HowTo100M/videos/1efu6p2ghuU.mp4,output/1efu6p2ghuU.npy
../S3D_HowTo100M/videos/00-STHohHCQ.mp4,output/00-STHohHCQ.npy
../S3D_HowTo100M/videos/0uDzD5o2Coc.mp4,output/0uDzD5o2Coc.npy
../S3D_HowTo100M/videos/1-A2Nv9fvaY.mp4,output/1-A2Nv9fvaY.npy
../S3D_HowTo100M/videos/0saeYuHy70M.mp4,output/0saeYuHy70M.npy
../S3D_HowTo100M/videos/2a-hU6vNatY.mp4,output/2a-hU6vNatY.npy
../S3D_HowTo100M/videos/1UVDpcEyHh4.mp4,output/1UVDpcEyHh4.npy
../S3D_HowTo100M/videos/0GoBckZIikc.mp4,output/0GoBckZIikc.npy
../S3D_HowTo100M/videos/1-tU1SHCFnU.mp4,output/1-tU1SHCFnU.npy
../S3D_HowTo100M/videos/1Ih0D86EfSw.mp4,output/1Ih0D86EfSw.npy
../S3D_HowTo100M/videos/1eEQeyCypp8.mp4,output/1eEQeyCypp8.npy
../S3D_HowTo100M/videos/0vJM2bNuRRM.mp4,output/0vJM2bNuRRM.npy
../S3D_HowTo100M/videos/0gcFHn2JxXU.mp4,output/0gcFHn2JxXU.npy
../S3D_HowTo100M/videos/0TWsNWMld0M.mp4,output/0TWsNWMld0M.npy
../S3D_HowTo100M/videos/1ITGM1XILb4.mp4,output/1ITGM1XILb4.npy
../S3D_HowTo100M/videos/1_Z7PlUQ1HY.mp4,output/1_Z7PlUQ1HY.npy
../S3D_HowTo100M/videos/1SAZWan7B58.mp4,output/1SAZWan7B58.npy
../S3D_HowTo100M/videos/2APlOH9TZjk.mp4,output/2APlOH9TZjk.npy
../S3D_HowTo100M/videos/1OV_CFQPAno.mp4,output/1OV_CFQPAno.npy
../S3D_HowTo100M/videos/1YxyiZS5IT0.mp4,output/1YxyiZS5IT0.npy
../S3D_HowTo100M/videos/_8MW7RPA5DE.mp4,output/_8MW7RPA5DE.npy
../S3D_HowTo100M/videos/1wIaDS3PgNs.mp4,output/1wIaDS3PgNs.npy
../S3D_HowTo100M/videos/1hxcqe5Y5YU.mp4,output/1hxcqe5Y5YU.npy
../S3D_HowTo100M/videos/1iMYIWGMc54.mp4,output/1iMYIWGMc54.npy
../S3D_HowTo100M/videos/2AbQfObp1-4.mp4,output/2AbQfObp1-4.npy
../S3D_HowTo100M/videos/0QD9xMsmYdg.mp4,output/0QD9xMsmYdg.npy
../S3D_HowTo100M/videos/1tlJ3IJLPZ8.mp4,output/1tlJ3IJLPZ8.npy
../S3D_HowTo100M/videos/1a3cvRIOJRk.mp4,output/1a3cvRIOJRk.npy
../S3D_HowTo100M/videos/0ut7hHkzDe4.mp4,output/0ut7hHkzDe4.npy
../S3D_HowTo100M/videos/_5T9yjYdue4.mp4,output/_5T9yjYdue4.npy
../S3D_HowTo100M/videos/1ixraU90dGA.mp4,output/1ixraU90dGA.npy
../S3D_HowTo100M/videos/1MxarqsTLR8.mp4,output/1MxarqsTLR8.npy
../S3D_HowTo100M/videos/0Wk6Nbml5JY.mp4,output/0Wk6Nbml5JY.npy
../S3D_HowTo100M/videos/0OwT5ZWLkb8.mp4,output/0OwT5ZWLkb8.npy
../S3D_HowTo100M/videos/1GuAuQFWX2k.mp4,output/1GuAuQFWX2k.npy
../S3D_HowTo100M/videos/1CfBg2KmlsY.mp4,output/1CfBg2KmlsY.npy
../S3D_HowTo100M/videos/1iCDoOuJnzM.mp4,output/1iCDoOuJnzM.npy
../S3D_HowTo100M/videos/0SJgudCq540.mp4,output/0SJgudCq540.npy
../S3D_HowTo100M/videos/1kHoGCFGHOE.mp4,output/1kHoGCFGHOE.npy
../S3D_HowTo100M/videos/1WAay69pgAE.mp4,output/1WAay69pgAE.npy
../S3D_HowTo100M/videos/0wzIqReO9FA.mp4,output/0wzIqReO9FA.npy
../S3D_HowTo100M/videos/0uVL-PvzQxU.mp4,output/0uVL-PvzQxU.npy
../S3D_HowTo100M/videos/1rXO8p6PK08.mp4,output/1rXO8p6PK08.npy
../S3D_HowTo100M/videos/1bHigUKW38A.mp4,output/1bHigUKW38A.npy
../S3D_HowTo100M/videos/1XB4ADs7P24.mp4,output/1XB4ADs7P24.npy
../S3D_HowTo100M/videos/1KbH7VIEfGM.mp4,output/1KbH7VIEfGM.npy
../S3D_HowTo100M/videos/1xYnYL_MtzE.mp4,output/1xYnYL_MtzE.npy
../S3D_HowTo100M/videos/0hGDssL16Vk.mp4,output/0hGDssL16Vk.npy
../S3D_HowTo100M/videos/_9fB2YoLv9k.mp4,output/_9fB2YoLv9k.npy
../S3D_HowTo100M/videos/0ZsNqsEvK64.mp4,output/0ZsNqsEvK64.npy
../S3D_HowTo100M/videos/0SCSM58SbEA.mp4,output/0SCSM58SbEA.npy
../S3D_HowTo100M/videos/0-qsQGPHBwI.mp4,output/0-qsQGPHBwI.npy
../S3D_HowTo100M/videos/0jkP-napJQo.mp4,output/0jkP-napJQo.npy
../S3D_HowTo100M/videos/0bdsVmbMWwI.mp4,output/0bdsVmbMWwI.npy
../S3D_HowTo100M/videos/-9zw_S4-bJQ.mp4,output/-9zw_S4-bJQ.npy
../S3D_HowTo100M/videos/0n67FgvK3-A.mp4,output/0n67FgvK3-A.npy
../S3D_HowTo100M/videos/1Ce2au3PWnI.mp4,output/1Ce2au3PWnI.npy
../S3D_HowTo100M/videos/0y5wLaCxWdU.mp4,output/0y5wLaCxWdU.npy
../S3D_HowTo100M/videos/1cWtYGPIOkY.mp4,output/1cWtYGPIOkY.npy
../S3D_HowTo100M/videos/-9tkE1taybA.mp4,output/-9tkE1taybA.npy
../S3D_HowTo100M/videos/1C2Yl4hzTQM.mp4,output/1C2Yl4hzTQM.npy
../S3D_HowTo100M/videos/1hmljOoK0u0.mp4,output/1hmljOoK0u0.npy
../S3D_HowTo100M/videos/0P4cegc2oeI.mp4,output/0P4cegc2oeI.npy
../S3D_HowTo100M/videos/0OqwaWeGsGE.mp4,output/0OqwaWeGsGE.npy
../S3D_HowTo100M/videos/-4Emxo3k2Fk.mp4,output/-4Emxo3k2Fk.npy
../S3D_HowTo100M/videos/1qFQomBCQ1g.mp4,output/1qFQomBCQ1g.npy
../S3D_HowTo100M/videos/0sqUc-Sy61w.mp4,output/0sqUc-Sy61w.npy
../S3D_HowTo100M/videos/1mzvXjGBqA8.mp4,output/1mzvXjGBqA8.npy
../S3D_HowTo100M/videos/0jdaiXeiqhc.mp4,output/0jdaiXeiqhc.npy
../S3D_HowTo100M/videos/1bof02f9Evw.mp4,output/1bof02f9Evw.npy
../S3D_HowTo100M/videos/0x-Z3xHE9uw.mp4,output/0x-Z3xHE9uw.npy
../S3D_HowTo100M/videos/0vWcVfO0_8E.mp4,output/0vWcVfO0_8E.npy
../S3D_HowTo100M/videos/0rRMf71ofI4.mp4,output/0rRMf71ofI4.npy
../S3D_HowTo100M/videos/_3hk-AsykvA.mp4,output/_3hk-AsykvA.npy
../S3D_HowTo100M/videos/0-CJBB7JDyU.mp4,output/0-CJBB7JDyU.npy
../S3D_HowTo100M/videos/1_8VWMei6L4.mp4,output/1_8VWMei6L4.npy
../S3D_HowTo100M/videos/0_yBGzMfK7U.mp4,output/0_yBGzMfK7U.npy
../S3D_HowTo100M/videos/-36XId0ajh4.mp4,output/-36XId0ajh4.npy
../S3D_HowTo100M/videos/1dlXW9W2-4s.mp4,output/1dlXW9W2-4s.npy
../S3D_HowTo100M/videos/0IOcZbjKZEU.mp4,output/0IOcZbjKZEU.npy
../S3D_HowTo100M/videos/0naOWi-A4ZI.mp4,output/0naOWi-A4ZI.npy
../S3D_HowTo100M/videos/0UtrZlUtLXw.mp4,output/0UtrZlUtLXw.npy
../S3D_HowTo100M/videos/0XHfdRu1EVs.mp4,output/0XHfdRu1EVs.npy
../S3D_HowTo100M/videos/0XiUvYNtFrw.mp4,output/0XiUvYNtFrw.npy
../S3D_HowTo100M/videos/1tM-InhtpkU.mp4,output/1tM-InhtpkU.npy
../S3D_HowTo100M/videos/0SN1eZBu010.mp4,output/0SN1eZBu010.npy
../S3D_HowTo100M/videos/-30_VLQUd1s.mp4,output/-30_VLQUd1s.npy
../S3D_HowTo100M/videos/0jqHLXxbfnE.mp4,output/0jqHLXxbfnE.npy
../S3D_HowTo100M/videos/0w0Pw1DboIw.mp4,output/0w0Pw1DboIw.npy
../S3D_HowTo100M/videos/1Wfnl-Hh8xI.mp4,output/1Wfnl-Hh8xI.npy
../S3D_HowTo100M/videos/1B-ueeLZBbM.mp4,output/1B-ueeLZBbM.npy
../S3D_HowTo100M/videos/0TgKoTX1dd8.mp4,output/0TgKoTX1dd8.npy
../S3D_HowTo100M/videos/0OaHw2XSuMk.mp4,output/0OaHw2XSuMk.npy
../S3D_HowTo100M/videos/1Qz4FVGheUE.mp4,output/1Qz4FVGheUE.npy
../S3D_HowTo100M/videos/-2bYRKr3TjM.mp4,output/-2bYRKr3TjM.npy
../S3D_HowTo100M/videos/0Ggj7-sB1-g.mp4,output/0Ggj7-sB1-g.npy
../S3D_HowTo100M/videos/0RTMzX29PXE.mp4,output/0RTMzX29PXE.npy
../S3D_HowTo100M/videos/01ZUGXWTpIk.mp4,output/01ZUGXWTpIk.npy
../S3D_HowTo100M/videos/1rGk13ICCMQ.mp4,output/1rGk13ICCMQ.npy
../S3D_HowTo100M/videos/-8ix0P8ZDkE.mp4,output/-8ix0P8ZDkE.npy
../S3D_HowTo100M/videos/1beugCsBjfA.mp4,output/1beugCsBjfA.npy
../S3D_HowTo100M/videos/0vvI3uxOQ_0.mp4,output/0vvI3uxOQ_0.npy
../S3D_HowTo100M/videos/1nNajIH3ve4.mp4,output/1nNajIH3ve4.npy
../S3D_HowTo100M/videos/_4tlmlkmL1A.mp4,output/_4tlmlkmL1A.npy
../S3D_HowTo100M/videos/_0kExVCNcQI.mp4,output/_0kExVCNcQI.npy
../S3D_HowTo100M/videos/0Qz4p2bYZN4.mp4,output/0Qz4p2bYZN4.npy
../S3D_HowTo100M/videos/1JQ2w4nlIHo.mp4,output/1JQ2w4nlIHo.npy
../S3D_HowTo100M/videos/1OnHVfBnFTY.mp4,output/1OnHVfBnFTY.npy
../S3D_HowTo100M/videos/0iPWYz3A0vc.mp4,output/0iPWYz3A0vc.npy
../S3D_HowTo100M/videos/1ArrzyqyjIE.mp4,output/1ArrzyqyjIE.npy
../S3D_HowTo100M/videos/0SYCzynFSn4.mp4,output/0SYCzynFSn4.npy
../S3D_HowTo100M/videos/0yddoLSUm7A.mp4,output/0yddoLSUm7A.npy
../S3D_HowTo100M/videos/-38i9XltNx4.mp4,output/-38i9XltNx4.npy
../S3D_HowTo100M/videos/0fMjaP9k5ZM.mp4,output/0fMjaP9k5ZM.npy
../S3D_HowTo100M/videos/0gks6ceq4eQ.mp4,output/0gks6ceq4eQ.npy
../S3D_HowTo100M/videos/-2vbgoZc-RI.mp4,output/-2vbgoZc-RI.npy
../S3D_HowTo100M/videos/-7eDUvbPQZE.mp4,output/-7eDUvbPQZE.npy
../S3D_HowTo100M/videos/_0flfBHjVKU.mp4,output/_0flfBHjVKU.npy
../S3D_HowTo100M/videos/1Jybv_t8Cw8.mp4,output/1Jybv_t8Cw8.npy
../S3D_HowTo100M/videos/0tD5XD2AueA.mp4,output/0tD5XD2AueA.npy
../S3D_HowTo100M/videos/1VXwDaGOCpA.mp4,output/1VXwDaGOCpA.npy
../S3D_HowTo100M/videos/1WtGzkK-9Ks.mp4,output/1WtGzkK-9Ks.npy
../S3D_HowTo100M/videos/-6HGLbzbn7c.mp4,output/-6HGLbzbn7c.npy
../S3D_HowTo100M/videos/1uUVMaRFMv4.mp4,output/1uUVMaRFMv4.npy
../S3D_HowTo100M/videos/0m99dxxE8XU.mp4,output/0m99dxxE8XU.npy
../S3D_HowTo100M/videos/1ebWEPsivc0.mp4,output/1ebWEPsivc0.npy
../S3D_HowTo100M/videos/0PLrv7JsmTU.mp4,output/0PLrv7JsmTU.npy
../S3D_HowTo100M/videos/2aPRmaQ6r3Q.mp4,output/2aPRmaQ6r3Q.npy
../S3D_HowTo100M/videos/1Umdo6BwFrs.mp4,output/1Umdo6BwFrs.npy
../S3D_HowTo100M/videos/1dXKtfgxw6c.mp4,output/1dXKtfgxw6c.npy
../S3D_HowTo100M/videos/_8PKYUIw9Jk.mp4,output/_8PKYUIw9Jk.npy
../S3D_HowTo100M/videos/1CI5in7nsW8.mp4,output/1CI5in7nsW8.npy
../S3D_HowTo100M/videos/0gES9Xa8FzQ.mp4,output/0gES9Xa8FzQ.npy
../S3D_HowTo100M/videos/_9KdmQXPLek.mp4,output/_9KdmQXPLek.npy
../S3D_HowTo100M/videos/0sO2s0qiNvU.mp4,output/0sO2s0qiNvU.npy
../S3D_HowTo100M/videos/0a85F_QcqcA.mp4,output/0a85F_QcqcA.npy
../S3D_HowTo100M/videos/0cOIOesEYbY.mp4,output/0cOIOesEYbY.npy
../S3D_HowTo100M/videos/0w-8tp5lUrE.mp4,output/0w-8tp5lUrE.npy
../S3D_HowTo100M/videos/00MTWuPIQbE.mp4,output/00MTWuPIQbE.npy
../S3D_HowTo100M/videos/0qqHUuN2HLA.mp4,output/0qqHUuN2HLA.npy
../S3D_HowTo100M/videos/1XQDmXXOrsg.mp4,output/1XQDmXXOrsg.npy
../S3D_HowTo100M/videos/1sWjXC-3cuU.mp4,output/1sWjXC-3cuU.npy
../S3D_HowTo100M/videos/0JmBa7Bx6s4.mp4,output/0JmBa7Bx6s4.npy
../S3D_HowTo100M/videos/1_LNh6cIhts.mp4,output/1_LNh6cIhts.npy
../S3D_HowTo100M/videos/0MqIaTmGhBU.mp4,output/0MqIaTmGhBU.npy
../S3D_HowTo100M/videos/0d0P1NSmU5E.mp4,output/0d0P1NSmU5E.npy
../S3D_HowTo100M/videos/1BO6jTBcsxE.mp4,output/1BO6jTBcsxE.npy
../S3D_HowTo100M/videos/0pecXd6lkKs.mp4,output/0pecXd6lkKs.npy
../S3D_HowTo100M/videos/1LCpM4hCFBY.mp4,output/1LCpM4hCFBY.npy
../S3D_HowTo100M/videos/1BREg5-OLdw.mp4,output/1BREg5-OLdw.npy
../S3D_HowTo100M/videos/0iJ8Nr9sZeQ.mp4,output/0iJ8Nr9sZeQ.npy
../S3D_HowTo100M/videos/1xNPVceBBHc.mp4,output/1xNPVceBBHc.npy
../S3D_HowTo100M/videos/1qK7Dn-BuZA.mp4,output/1qK7Dn-BuZA.npy
../S3D_HowTo100M/videos/0go4mnamBHM.mp4,output/0go4mnamBHM.npy
../S3D_HowTo100M/videos/0hjFm8i-mQw.mp4,output/0hjFm8i-mQw.npy
../S3D_HowTo100M/videos/_8sp5eL1HxY.mp4,output/_8sp5eL1HxY.npy
../S3D_HowTo100M/videos/1KhVeFIjEww.mp4,output/1KhVeFIjEww.npy
../S3D_HowTo100M/videos/0SaPhDYSDEc.mp4,output/0SaPhDYSDEc.npy
../S3D_HowTo100M/videos/-6tnn1G1dRg.mp4,output/-6tnn1G1dRg.npy
../S3D_HowTo100M/videos/1Nnm6ZaHhww.mp4,output/1Nnm6ZaHhww.npy
../S3D_HowTo100M/videos/-48DpdHXwGs.mp4,output/-48DpdHXwGs.npy
../S3D_HowTo100M/videos/0lAjTbs_5AE.mp4,output/0lAjTbs_5AE.npy
../S3D_HowTo100M/videos/1dDC1B4VLgk.mp4,output/1dDC1B4VLgk.npy
../S3D_HowTo100M/videos/0ZNUTjSnIoU.mp4,output/0ZNUTjSnIoU.npy
../S3D_HowTo100M/videos/_164IKoAU1w.mp4,output/_164IKoAU1w.npy
../S3D_HowTo100M/videos/0bbxU_Xc5A4.mp4,output/0bbxU_Xc5A4.npy
../S3D_HowTo100M/videos/_8El0q-Xk-Y.mp4,output/_8El0q-Xk-Y.npy
../S3D_HowTo100M/videos/1ddQxF7PU2A.mp4,output/1ddQxF7PU2A.npy
../S3D_HowTo100M/videos/0n9H5uSekPw.mp4,output/0n9H5uSekPw.npy
../S3D_HowTo100M/videos/0PJgJ7gkBjk.mp4,output/0PJgJ7gkBjk.npy
../S3D_HowTo100M/videos/1qbTZZtmHcw.mp4,output/1qbTZZtmHcw.npy
../S3D_HowTo100M/videos/0e-cYnLLGGY.mp4,output/0e-cYnLLGGY.npy
../S3D_HowTo100M/videos/_6CsRvN3xHg.mp4,output/_6CsRvN3xHg.npy
../S3D_HowTo100M/videos/_0RHrAGzFCA.mp4,output/_0RHrAGzFCA.npy
../S3D_HowTo100M/videos/1iY1Hvvkk8k.mp4,output/1iY1Hvvkk8k.npy
../S3D_HowTo100M/videos/0SMj4schvRg.mp4,output/0SMj4schvRg.npy
../S3D_HowTo100M/videos/1_ZzQf7YGnY.mp4,output/1_ZzQf7YGnY.npy
../S3D_HowTo100M/videos/0gud8FIepzU.mp4,output/0gud8FIepzU.npy
../S3D_HowTo100M/videos/0wslxh23M4U.mp4,output/0wslxh23M4U.npy
../S3D_HowTo100M/videos/01Qp-z0T2NE.mp4,output/01Qp-z0T2NE.npy
../S3D_HowTo100M/videos/1Z_yYDMaEbo.mp4,output/1Z_yYDMaEbo.npy
../S3D_HowTo100M/videos/1YRjXz4dzcw.mp4,output/1YRjXz4dzcw.npy
../S3D_HowTo100M/videos/-9A45l7hy54.mp4,output/-9A45l7hy54.npy
../S3D_HowTo100M/videos/1QD62iBUo6M.mp4,output/1QD62iBUo6M.npy
../S3D_HowTo100M/videos/0OV3Kh-YxiQ.mp4,output/0OV3Kh-YxiQ.npy
../S3D_HowTo100M/videos/1HQ3S7ojGqY.mp4,output/1HQ3S7ojGqY.npy
../S3D_HowTo100M/videos/-2JACb_733E.mp4,output/-2JACb_733E.npy
../S3D_HowTo100M/videos/0LI3nSAA1nY.mp4,output/0LI3nSAA1nY.npy
../S3D_HowTo100M/videos/1w91RklTjbQ.mp4,output/1w91RklTjbQ.npy
../S3D_HowTo100M/videos/1x0ZY-YQSGo.mp4,output/1x0ZY-YQSGo.npy
../S3D_HowTo100M/videos/1iAzeCc8kXc.mp4,output/1iAzeCc8kXc.npy
../S3D_HowTo100M/videos/-0CYkJttecc.mp4,output/-0CYkJttecc.npy
../S3D_HowTo100M/videos/0izTQrP_9T8.mp4,output/0izTQrP_9T8.npy
../S3D_HowTo100M/videos/1SqbdJUpzOM.mp4,output/1SqbdJUpzOM.npy
../S3D_HowTo100M/videos/0ap4ZgujNpQ.mp4,output/0ap4ZgujNpQ.npy
../S3D_HowTo100M/videos/1U2Cb_koXe0.mp4,output/1U2Cb_koXe0.npy
../S3D_HowTo100M/videos/0Y_pi4sFir4.mp4,output/0Y_pi4sFir4.npy
../S3D_HowTo100M/videos/0FZZCmx7o6o.mp4,output/0FZZCmx7o6o.npy
../S3D_HowTo100M/videos/0AorgIxjhYE.mp4,output/0AorgIxjhYE.npy
../S3D_HowTo100M/videos/0CJ8bG24oFI.mp4,output/0CJ8bG24oFI.npy
../S3D_HowTo100M/videos/1Q3th7RlqJk.mp4,output/1Q3th7RlqJk.npy
../S3D_HowTo100M/videos/0VV4ybpPTpw.mp4,output/0VV4ybpPTpw.npy
../S3D_HowTo100M/videos/1o0qwUtycSc.mp4,output/1o0qwUtycSc.npy
../S3D_HowTo100M/videos/1ZvSIhBgsFU.mp4,output/1ZvSIhBgsFU.npy
../S3D_HowTo100M/videos/0HwcmqCdGzo.mp4,output/0HwcmqCdGzo.npy
../S3D_HowTo100M/videos/_481h_q_JcU.mp4,output/_481h_q_JcU.npy
../S3D_HowTo100M/videos/1IZGz6ghcp8.mp4,output/1IZGz6ghcp8.npy
../S3D_HowTo100M/videos/1Q8uoT2w8fw.mp4,output/1Q8uoT2w8fw.npy
../S3D_HowTo100M/videos/1FkN1Uu0nuw.mp4,output/1FkN1Uu0nuw.npy
../S3D_HowTo100M/videos/1W4s1_5GV4c.mp4,output/1W4s1_5GV4c.npy
../S3D_HowTo100M/videos/0hRAAi4wygs.mp4,output/0hRAAi4wygs.npy
../S3D_HowTo100M/videos/1J4-vpex-pA.mp4,output/1J4-vpex-pA.npy
../S3D_HowTo100M/videos/0x98eyLgc1w.mp4,output/0x98eyLgc1w.npy
../S3D_HowTo100M/videos/0HZs6jhoxpk.mp4,output/0HZs6jhoxpk.npy
../S3D_HowTo100M/videos/1ewZuPX1bGA.mp4,output/1ewZuPX1bGA.npy
../S3D_HowTo100M/videos/0p72pGx2HdI.mp4,output/0p72pGx2HdI.npy
../S3D_HowTo100M/videos/_0ZEJ_AHXVA.mp4,output/_0ZEJ_AHXVA.npy
../S3D_HowTo100M/videos/-5Z8vFlW2hA.mp4,output/-5Z8vFlW2hA.npy
../S3D_HowTo100M/videos/0pf3cecRRro.mp4,output/0pf3cecRRro.npy
../S3D_HowTo100M/videos/0PigLo9wwtQ.mp4,output/0PigLo9wwtQ.npy
../S3D_HowTo100M/videos/1qqwRlQaEoE.mp4,output/1qqwRlQaEoE.npy
../S3D_HowTo100M/videos/1iSKTcDEDQE.mp4,output/1iSKTcDEDQE.npy
../S3D_HowTo100M/videos/1E52qZriIdU.mp4,output/1E52qZriIdU.npy
../S3D_HowTo100M/videos/0y3kF_tr4sU.mp4,output/0y3kF_tr4sU.npy
../S3D_HowTo100M/videos/0UeD5RVQL2o.mp4,output/0UeD5RVQL2o.npy
../S3D_HowTo100M/videos/0w49Q_QrW9s.mp4,output/0w49Q_QrW9s.npy
../S3D_HowTo100M/videos/0auXuiYXkVk.mp4,output/0auXuiYXkVk.npy
../S3D_HowTo100M/videos/0YD5nQaKItk.mp4,output/0YD5nQaKItk.npy
../S3D_HowTo100M/videos/1jOSk4e2Di8.mp4,output/1jOSk4e2Di8.npy
../S3D_HowTo100M/videos/0IPXOw2WxlA.mp4,output/0IPXOw2WxlA.npy
../S3D_HowTo100M/videos/0Lni7t5PYQ0.mp4,output/0Lni7t5PYQ0.npy
../S3D_HowTo100M/videos/0D8AuFTO8z8.mp4,output/0D8AuFTO8z8.npy
../S3D_HowTo100M/videos/0lmwwnZyRBc.mp4,output/0lmwwnZyRBc.npy
../S3D_HowTo100M/videos/-3q1QUUKZ0c.mp4,output/-3q1QUUKZ0c.npy
../S3D_HowTo100M/videos/1gUrGvHGt_A.mp4,output/1gUrGvHGt_A.npy
../S3D_HowTo100M/videos/0-Jm9usQsrc.mp4,output/0-Jm9usQsrc.npy
../S3D_HowTo100M/videos/1HqDHIjrT-I.mp4,output/1HqDHIjrT-I.npy
../S3D_HowTo100M/videos/1BUPF9WnmKo.mp4,output/1BUPF9WnmKo.npy
../S3D_HowTo100M/videos/0q7Et2pP7EU.mp4,output/0q7Et2pP7EU.npy
../S3D_HowTo100M/videos/_1SLd9-fCvw.mp4,output/_1SLd9-fCvw.npy
../S3D_HowTo100M/videos/0aiHNW_SO2M.mp4,output/0aiHNW_SO2M.npy
../S3D_HowTo100M/videos/1GlHmFJA0LQ.mp4,output/1GlHmFJA0LQ.npy
../S3D_HowTo100M/videos/-2kG-y1y6j8.mp4,output/-2kG-y1y6j8.npy
../S3D_HowTo100M/videos/1r_rKLSfhyY.mp4,output/1r_rKLSfhyY.npy
../S3D_HowTo100M/videos/-58pUUIyTck.mp4,output/-58pUUIyTck.npy
../S3D_HowTo100M/videos/0uW6qdBPYaU.mp4,output/0uW6qdBPYaU.npy
../S3D_HowTo100M/videos/2a-qHkvULiM.mp4,output/2a-qHkvULiM.npy
../S3D_HowTo100M/videos/1USJ3kFYf4o.mp4,output/1USJ3kFYf4o.npy
../S3D_HowTo100M/videos/0iOQj_DyszY.mp4,output/0iOQj_DyszY.npy
../S3D_HowTo100M/videos/1pJYBjXk8YE.mp4,output/1pJYBjXk8YE.npy
../S3D_HowTo100M/videos/0ff2ZTNOoTI.mp4,output/0ff2ZTNOoTI.npy
../S3D_HowTo100M/videos/1rhX6BO3oLk.mp4,output/1rhX6BO3oLk.npy
../S3D_HowTo100M/videos/0yUDDBV033M.mp4,output/0yUDDBV033M.npy
../S3D_HowTo100M/videos/1G3tZKTrhUc.mp4,output/1G3tZKTrhUc.npy
../S3D_HowTo100M/videos/0qb8ViZpTz4.mp4,output/0qb8ViZpTz4.npy
../S3D_HowTo100M/videos/_6X8Zr-kOVw.mp4,output/_6X8Zr-kOVw.npy
../S3D_HowTo100M/videos/1tEbEEgzlJs.mp4,output/1tEbEEgzlJs.npy
../S3D_HowTo100M/videos/1mniqXGb-nM.mp4,output/1mniqXGb-nM.npy
../S3D_HowTo100M/videos/0dt7CllDsy0.mp4,output/0dt7CllDsy0.npy
../S3D_HowTo100M/videos/1nidy3JHO_Y.mp4,output/1nidy3JHO_Y.npy
../S3D_HowTo100M/videos/0J-Fj5tawvo.mp4,output/0J-Fj5tawvo.npy
../S3D_HowTo100M/videos/_1bzFPKWdhQ.mp4,output/_1bzFPKWdhQ.npy
../S3D_HowTo100M/videos/00apzBmh-D0.mp4,output/00apzBmh-D0.npy
../S3D_HowTo100M/videos/1FPA9PeIRtg.mp4,output/1FPA9PeIRtg.npy
../S3D_HowTo100M/videos/_8J0MHjGR0Y.mp4,output/_8J0MHjGR0Y.npy
../S3D_HowTo100M/videos/1XHm7eiH7rs.mp4,output/1XHm7eiH7rs.npy
../S3D_HowTo100M/videos/0EKHyo1nfuY.mp4,output/0EKHyo1nfuY.npy
../S3D_HowTo100M/videos/1d4vWhbu76Q.mp4,output/1d4vWhbu76Q.npy
../S3D_HowTo100M/videos/0LxMMJ0feg4.mp4,output/0LxMMJ0feg4.npy
../S3D_HowTo100M/videos/0D2WIa-AJsc.mp4,output/0D2WIa-AJsc.npy
../S3D_HowTo100M/videos/0Mi8j-ZOmQI.mp4,output/0Mi8j-ZOmQI.npy
../S3D_HowTo100M/videos/0LFKq1fNwsI.mp4,output/0LFKq1fNwsI.npy
../S3D_HowTo100M/videos/1o8JvvFV1DI.mp4,output/1o8JvvFV1DI.npy
../S3D_HowTo100M/videos/1nRBqDqSmyM.mp4,output/1nRBqDqSmyM.npy
../S3D_HowTo100M/videos/0Vxi-TW_dRE.mp4,output/0Vxi-TW_dRE.npy
../S3D_HowTo100M/videos/1KKl5qlpajY.mp4,output/1KKl5qlpajY.npy
../S3D_HowTo100M/videos/1A09jWD9paQ.mp4,output/1A09jWD9paQ.npy
../S3D_HowTo100M/videos/-32EgQD6AyU.mp4,output/-32EgQD6AyU.npy
../S3D_HowTo100M/videos/_7J1kiekiZk.mp4,output/_7J1kiekiZk.npy
../S3D_HowTo100M/videos/0Q2gAUTnqVY.mp4,output/0Q2gAUTnqVY.npy
../S3D_HowTo100M/videos/-7EQTicijbY.mp4,output/-7EQTicijbY.npy
../S3D_HowTo100M/videos/_5GG2kmLKw4.mp4,output/_5GG2kmLKw4.npy
../S3D_HowTo100M/videos/1kg7NaDCdWk.mp4,output/1kg7NaDCdWk.npy
../S3D_HowTo100M/videos/0jo5nMw__WE.mp4,output/0jo5nMw__WE.npy
../S3D_HowTo100M/videos/01jYYsZG2SU.mp4,output/01jYYsZG2SU.npy
../S3D_HowTo100M/videos/1LN0PR8Zk50.mp4,output/1LN0PR8Zk50.npy
../S3D_HowTo100M/videos/0lCt_tQ2w1w.mp4,output/0lCt_tQ2w1w.npy
../S3D_HowTo100M/videos/1WUdQpuVRtw.mp4,output/1WUdQpuVRtw.npy
../S3D_HowTo100M/videos/0h6u_Kk6Qak.mp4,output/0h6u_Kk6Qak.npy
../S3D_HowTo100M/videos/1Ldwhhdaa9U.mp4,output/1Ldwhhdaa9U.npy
../S3D_HowTo100M/videos/1YQfTvbXL_4.mp4,output/1YQfTvbXL_4.npy
../S3D_HowTo100M/videos/1I_-uBrMZHs.mp4,output/1I_-uBrMZHs.npy
../S3D_HowTo100M/videos/0uH_-IUxmQw.mp4,output/0uH_-IUxmQw.npy
../S3D_HowTo100M/videos/_06E4VgmLUs.mp4,output/_06E4VgmLUs.npy
../S3D_HowTo100M/videos/1zseITigksg.mp4,output/1zseITigksg.npy
../S3D_HowTo100M/videos/_3Qdz4DnXuQ.mp4,output/_3Qdz4DnXuQ.npy
../S3D_HowTo100M/videos/0Sl_d3kMlmw.mp4,output/0Sl_d3kMlmw.npy
../S3D_HowTo100M/videos/0EuGXqM9PJw.mp4,output/0EuGXqM9PJw.npy
../S3D_HowTo100M/videos/0m5FzGWjZTg.mp4,output/0m5FzGWjZTg.npy
../S3D_HowTo100M/videos/0Y9RLdwUWXY.mp4,output/0Y9RLdwUWXY.npy
../S3D_HowTo100M/videos/1YwjGyGS3T4.mp4,output/1YwjGyGS3T4.npy
../S3D_HowTo100M/videos/1dH0uyboY2U.mp4,output/1dH0uyboY2U.npy
../S3D_HowTo100M/videos/0bKEcg3m8Qc.mp4,output/0bKEcg3m8Qc.npy
../S3D_HowTo100M/videos/1V9iUshMdJA.mp4,output/1V9iUshMdJA.npy
../S3D_HowTo100M/videos/1tIHicqWJoc.mp4,output/1tIHicqWJoc.npy
../S3D_HowTo100M/videos/0Of_weaAWE0.mp4,output/0Of_weaAWE0.npy
../S3D_HowTo100M/videos/0aNNYEUARAk.mp4,output/0aNNYEUARAk.npy
../S3D_HowTo100M/videos/1DeOOJznZ8Y.mp4,output/1DeOOJznZ8Y.npy
../S3D_HowTo100M/videos/0cbUO4aOT48.mp4,output/0cbUO4aOT48.npy
../S3D_HowTo100M/videos/1zbKdUFORlA.mp4,output/1zbKdUFORlA.npy
../S3D_HowTo100M/videos/0hnOHccp7fw.mp4,output/0hnOHccp7fw.npy
../S3D_HowTo100M/videos/-0FK1SSgdSQ.mp4,output/-0FK1SSgdSQ.npy
../S3D_HowTo100M/videos/-0Un0_WDbXo.mp4,output/-0Un0_WDbXo.npy
../S3D_HowTo100M/videos/1jJ0uzfGW-M.mp4,output/1jJ0uzfGW-M.npy
../S3D_HowTo100M/videos/0ILzkepvy7Y.mp4,output/0ILzkepvy7Y.npy
../S3D_HowTo100M/videos/1cqolgaoKuo.mp4,output/1cqolgaoKuo.npy
../S3D_HowTo100M/videos/1O55kFMD_dc.mp4,output/1O55kFMD_dc.npy
../S3D_HowTo100M/videos/1jb6aBmbUC4.mp4,output/1jb6aBmbUC4.npy
../S3D_HowTo100M/videos/--4BhKBj5iY.mp4,output/--4BhKBj5iY.npy
../S3D_HowTo100M/videos/0ZDOdpWkLak.mp4,output/0ZDOdpWkLak.npy
../S3D_HowTo100M/videos/0CLJdrTQMhI.mp4,output/0CLJdrTQMhI.npy
../S3D_HowTo100M/videos/0sNepE9lGMc.mp4,output/0sNepE9lGMc.npy
../S3D_HowTo100M/videos/_6--iOgRkow.mp4,output/_6--iOgRkow.npy
../S3D_HowTo100M/videos/2Aq29CmDjR8.mp4,output/2Aq29CmDjR8.npy
../S3D_HowTo100M/videos/0fEsSE01fBg.mp4,output/0fEsSE01fBg.npy
../S3D_HowTo100M/videos/0thLIXHB4CY.mp4,output/0thLIXHB4CY.npy
../S3D_HowTo100M/videos/0VjR1MVzfcc.mp4,output/0VjR1MVzfcc.npy
../S3D_HowTo100M/videos/1Fhs_eezhYM.mp4,output/1Fhs_eezhYM.npy
../S3D_HowTo100M/videos/1IVzssM1G0E.mp4,output/1IVzssM1G0E.npy
../S3D_HowTo100M/videos/1HZxRKI0Kkk.mp4,output/1HZxRKI0Kkk.npy
../S3D_HowTo100M/videos/0hWUbkMa2iY.mp4,output/0hWUbkMa2iY.npy
../S3D_HowTo100M/videos/1E3XJavbFYQ.mp4,output/1E3XJavbFYQ.npy
../S3D_HowTo100M/videos/0w7ouVcxR8o.mp4,output/0w7ouVcxR8o.npy
../S3D_HowTo100M/videos/_-5g1t7Fimg.mp4,output/_-5g1t7Fimg.npy
../S3D_HowTo100M/videos/1dgQSl2DHzg.mp4,output/1dgQSl2DHzg.npy
../S3D_HowTo100M/videos/0qwPKwytEUc.mp4,output/0qwPKwytEUc.npy
../S3D_HowTo100M/videos/0KlN5mzPbMs.mp4,output/0KlN5mzPbMs.npy
../S3D_HowTo100M/videos/0HL2_8QV5mM.mp4,output/0HL2_8QV5mM.npy
../S3D_HowTo100M/videos/-8IaQThL2zk.mp4,output/-8IaQThL2zk.npy
../S3D_HowTo100M/videos/1sD28PvdAQU.mp4,output/1sD28PvdAQU.npy
../S3D_HowTo100M/videos/0CNOvVSFSfQ.mp4,output/0CNOvVSFSfQ.npy
../S3D_HowTo100M/videos/1A780VVErV8.mp4,output/1A780VVErV8.npy
../S3D_HowTo100M/videos/1tpK8D5DNck.mp4,output/1tpK8D5DNck.npy
../S3D_HowTo100M/videos/1XncEnsDf1A.mp4,output/1XncEnsDf1A.npy
../S3D_HowTo100M/videos/0eJfuUj4BMk.mp4,output/0eJfuUj4BMk.npy
../S3D_HowTo100M/videos/1agKOVc2J24.mp4,output/1agKOVc2J24.npy
../S3D_HowTo100M/videos/0TlooVNC8uE.mp4,output/0TlooVNC8uE.npy
../S3D_HowTo100M/videos/1FeNyYkHE7M.mp4,output/1FeNyYkHE7M.npy
../S3D_HowTo100M/videos/1a88u0GqWmE.mp4,output/1a88u0GqWmE.npy
../S3D_HowTo100M/videos/0Ot5e2UoD6c.mp4,output/0Ot5e2UoD6c.npy
../S3D_HowTo100M/videos/2-0vAECIOxw.mp4,output/2-0vAECIOxw.npy
../S3D_HowTo100M/videos/0mGbOeuuuB8.mp4,output/0mGbOeuuuB8.npy
../S3D_HowTo100M/videos/1Kr6Q_4vH_Q.mp4,output/1Kr6Q_4vH_Q.npy
../S3D_HowTo100M/videos/0agrA01JxDw.mp4,output/0agrA01JxDw.npy
../S3D_HowTo100M/videos/-7pbccqYlM4.mp4,output/-7pbccqYlM4.npy
../S3D_HowTo100M/videos/0WL0Zm2ksCk.mp4,output/0WL0Zm2ksCk.npy
../S3D_HowTo100M/videos/0YBQUZZ-zfM.mp4,output/0YBQUZZ-zfM.npy
../S3D_HowTo100M/videos/0-7ACoSrZdo.mp4,output/0-7ACoSrZdo.npy
../S3D_HowTo100M/videos/1wVKbMOLyts.mp4,output/1wVKbMOLyts.npy
../S3D_HowTo100M/videos/0BYSW-gO2a0.mp4,output/0BYSW-gO2a0.npy
../S3D_HowTo100M/videos/1iTB9jN6MJc.mp4,output/1iTB9jN6MJc.npy
../S3D_HowTo100M/videos/1xMwVp5xREI.mp4,output/1xMwVp5xREI.npy
../S3D_HowTo100M/videos/-4UwUH1Facw.mp4,output/-4UwUH1Facw.npy
../S3D_HowTo100M/videos/0Dk38O_FvPU.mp4,output/0Dk38O_FvPU.npy
../S3D_HowTo100M/videos/0t9UKSaTpwE.mp4,output/0t9UKSaTpwE.npy
../S3D_HowTo100M/videos/0dCNXpwCWv0.mp4,output/0dCNXpwCWv0.npy
../S3D_HowTo100M/videos/0eOwZHFwfRg.mp4,output/0eOwZHFwfRg.npy
../S3D_HowTo100M/videos/0XuRTPKSwwo.mp4,output/0XuRTPKSwwo.npy
../S3D_HowTo100M/videos/1mcbzEWCPpM.mp4,output/1mcbzEWCPpM.npy
../S3D_HowTo100M/videos/_7uZbw5FXf8.mp4,output/_7uZbw5FXf8.npy
../S3D_HowTo100M/videos/0fKtbamtLD0.mp4,output/0fKtbamtLD0.npy
../S3D_HowTo100M/videos/1NdQjQImKqk.mp4,output/1NdQjQImKqk.npy
../S3D_HowTo100M/videos/_3QjGPeLuw0.mp4,output/_3QjGPeLuw0.npy
../S3D_HowTo100M/videos/1KZwdu3oFjs.mp4,output/1KZwdu3oFjs.npy
../S3D_HowTo100M/videos/1GYEdvrSgmc.mp4,output/1GYEdvrSgmc.npy
../S3D_HowTo100M/videos/0uk399vTcCU.mp4,output/0uk399vTcCU.npy
../S3D_HowTo100M/videos/0CWVFd1jRgw.webm,output/0CWVFd1jRgw.npy
../S3D_HowTo100M/videos/0KbW8Cx_agA.webm,output/0KbW8Cx_agA.npy
../S3D_HowTo100M/videos/1bUKPkEpdIM.webm,output/1bUKPkEpdIM.npy
../S3D_HowTo100M/videos/1ChamBxDZ-k.webm,output/1ChamBxDZ-k.npy
../S3D_HowTo100M/videos/-9ARKs5GBqw.webm,output/-9ARKs5GBqw.npy
../S3D_HowTo100M/videos/0Gu3WrJopB4.webm,output/0Gu3WrJopB4.npy
../S3D_HowTo100M/videos/0HKCsIKANpU.webm,output/0HKCsIKANpU.npy
../S3D_HowTo100M/videos/1oOiNibQZPg.webm,output/1oOiNibQZPg.npy
../S3D_HowTo100M/videos/1xS7_WHnQIw.webm,output/1xS7_WHnQIw.npy
../S3D_HowTo100M/videos/1eNXIw39clQ.webm,output/1eNXIw39clQ.npy
../S3D_HowTo100M/videos/0RI7jjJLtNk.webm,output/0RI7jjJLtNk.npy
../S3D_HowTo100M/videos/0cNxMgUwvqQ.webm,output/0cNxMgUwvqQ.npy
../S3D_HowTo100M/videos/1HS8DfUacZs.webm,output/1HS8DfUacZs.npy
../S3D_HowTo100M/videos/-4Qxe2tPHaU.webm,output/-4Qxe2tPHaU.npy
../S3D_HowTo100M/videos/1W6SBB25n-A.webm,output/1W6SBB25n-A.npy
../S3D_HowTo100M/videos/0tlQGmKaM18.webm,output/0tlQGmKaM18.npy
../S3D_HowTo100M/videos/1lEpng-2Auo.webm,output/1lEpng-2Auo.npy
../S3D_HowTo100M/videos/0iQ7CMdGh7k.webm,output/0iQ7CMdGh7k.npy
../S3D_HowTo100M/videos/1htniPUE8hA.webm,output/1htniPUE8hA.npy
../S3D_HowTo100M/videos/0pJr8dPaokk.webm,output/0pJr8dPaokk.npy
../S3D_HowTo100M/videos/1lnjhvKmZCQ.webm,output/1lnjhvKmZCQ.npy
../S3D_HowTo100M/videos/1Sr0-aglzYg.webm,output/1Sr0-aglzYg.npy
